"bound","drift","ter","eta_b","cost_ddm","cost_ldc","a0","b0","sub","condition","difflevel","manip","model","eta_a"
NA,NA,NA,232.2428,NA,0.00503,12.78833,-55.70675,"100","minus","easy","alpha","trim_skip",232.2428
NA,NA,NA,232.2428,NA,0.00503,12.78833,-55.70675,"100","minus","hard","alpha","trim_skip",232.2428
NA,NA,NA,232.2428,NA,0.00503,12.78833,-55.70675,"100","minus","medium","alpha","trim_skip",232.2428
NA,NA,NA,232.2428,NA,0.00503,12.78833,-55.70675,"100","plus","easy","alpha","trim_skip",232.2428
NA,NA,NA,232.2428,NA,0.00503,12.78833,-55.70675,"100","plus","hard","alpha","trim_skip",232.2428
NA,NA,NA,232.2428,NA,0.00503,12.78833,-55.70675,"100","plus","medium","alpha","trim_skip",232.2428
NA,NA,NA,NA,NA,NA,NA,NA,"101","minus","easy","alpha","trim_skip",NA
NA,NA,NA,NA,NA,NA,NA,NA,"101","minus","hard","alpha","trim_skip",NA
NA,NA,NA,NA,NA,NA,NA,NA,"101","minus","medium","alpha","trim_skip",NA
NA,NA,NA,NA,NA,NA,NA,NA,"101","plus","easy","alpha","trim_skip",NA
NA,NA,NA,NA,NA,NA,NA,NA,"101","plus","hard","alpha","trim_skip",NA
NA,NA,NA,NA,NA,NA,NA,NA,"101","plus","medium","alpha","trim_skip",NA
NA,NA,NA,349.4995,NA,0.00342,26.59383,-7.79226,"102","minus","easy","alpha","trim_skip",349.4995
NA,NA,NA,349.4995,NA,0.00342,26.59383,-7.79226,"102","minus","hard","alpha","trim_skip",349.4995
NA,NA,NA,349.4995,NA,0.00342,26.59383,-7.79226,"102","minus","medium","alpha","trim_skip",349.4995
NA,NA,NA,349.4995,NA,0.00342,26.59383,-7.79226,"102","plus","easy","alpha","trim_skip",349.4995
NA,NA,NA,349.4995,NA,0.00342,26.59383,-7.79226,"102","plus","hard","alpha","trim_skip",349.4995
NA,NA,NA,349.4995,NA,0.00342,26.59383,-7.79226,"102","plus","medium","alpha","trim_skip",349.4995
NA,NA,NA,210.846,NA,0.00476,47.58857,-22.94799,"103","minus","easy","alpha","trim_skip",210.846
NA,NA,NA,210.846,NA,0.00476,47.58857,-22.94799,"103","minus","hard","alpha","trim_skip",210.846
NA,NA,NA,210.846,NA,0.00476,47.58857,-22.94799,"103","minus","medium","alpha","trim_skip",210.846
NA,NA,NA,210.846,NA,0.00476,47.58857,-22.94799,"103","plus","easy","alpha","trim_skip",210.846
NA,NA,NA,210.846,NA,0.00476,47.58857,-22.94799,"103","plus","hard","alpha","trim_skip",210.846
NA,NA,NA,210.846,NA,0.00476,47.58857,-22.94799,"103","plus","medium","alpha","trim_skip",210.846
NA,NA,NA,436.0027,NA,0.00178,33.43457,37.52107,"104","minus","easy","alpha","trim_skip",436.0027
NA,NA,NA,436.0027,NA,0.00178,33.43457,37.52107,"104","minus","hard","alpha","trim_skip",436.0027
NA,NA,NA,436.0027,NA,0.00178,33.43457,37.52107,"104","minus","medium","alpha","trim_skip",436.0027
NA,NA,NA,436.0027,NA,0.00178,33.43457,37.52107,"104","plus","easy","alpha","trim_skip",436.0027
NA,NA,NA,436.0027,NA,0.00178,33.43457,37.52107,"104","plus","hard","alpha","trim_skip",436.0027
NA,NA,NA,436.0027,NA,0.00178,33.43457,37.52107,"104","plus","medium","alpha","trim_skip",436.0027
NA,NA,NA,246.0257,NA,0.00698,26.00448,-73.07315,"105","minus","easy","alpha","trim_skip",246.0257
NA,NA,NA,246.0257,NA,0.00698,26.00448,-73.07315,"105","minus","hard","alpha","trim_skip",246.0257
NA,NA,NA,246.0257,NA,0.00698,26.00448,-73.07315,"105","minus","medium","alpha","trim_skip",246.0257
NA,NA,NA,246.0257,NA,0.00698,26.00448,-73.07315,"105","plus","easy","alpha","trim_skip",246.0257
NA,NA,NA,246.0257,NA,0.00698,26.00448,-73.07315,"105","plus","hard","alpha","trim_skip",246.0257
NA,NA,NA,246.0257,NA,0.00698,26.00448,-73.07315,"105","plus","medium","alpha","trim_skip",246.0257
NA,NA,NA,207.3155,NA,0.00593,17.83744,-18.04653,"106","minus","easy","alpha","trim_skip",207.3155
NA,NA,NA,207.3155,NA,0.00593,17.83744,-18.04653,"106","minus","hard","alpha","trim_skip",207.3155
NA,NA,NA,207.3155,NA,0.00593,17.83744,-18.04653,"106","minus","medium","alpha","trim_skip",207.3155
NA,NA,NA,207.3155,NA,0.00593,17.83744,-18.04653,"106","plus","easy","alpha","trim_skip",207.3155
NA,NA,NA,207.3155,NA,0.00593,17.83744,-18.04653,"106","plus","hard","alpha","trim_skip",207.3155
NA,NA,NA,207.3155,NA,0.00593,17.83744,-18.04653,"106","plus","medium","alpha","trim_skip",207.3155
NA,NA,NA,323.1694,NA,0.00666,25.36777,29.61176,"107","minus","easy","alpha","trim_skip",323.1694
NA,NA,NA,323.1694,NA,0.00666,25.36777,29.61176,"107","minus","hard","alpha","trim_skip",323.1694
NA,NA,NA,323.1694,NA,0.00666,25.36777,29.61176,"107","minus","medium","alpha","trim_skip",323.1694
NA,NA,NA,323.1694,NA,0.00666,25.36777,29.61176,"107","plus","easy","alpha","trim_skip",323.1694
NA,NA,NA,323.1694,NA,0.00666,25.36777,29.61176,"107","plus","hard","alpha","trim_skip",323.1694
NA,NA,NA,323.1694,NA,0.00666,25.36777,29.61176,"107","plus","medium","alpha","trim_skip",323.1694
NA,NA,NA,312.7789,NA,0.00566,45.57592,-45.26088,"108","minus","easy","alpha","trim_skip",312.7789
NA,NA,NA,312.7789,NA,0.00566,45.57592,-45.26088,"108","minus","hard","alpha","trim_skip",312.7789
NA,NA,NA,312.7789,NA,0.00566,45.57592,-45.26088,"108","minus","medium","alpha","trim_skip",312.7789
NA,NA,NA,312.7789,NA,0.00566,45.57592,-45.26088,"108","plus","easy","alpha","trim_skip",312.7789
NA,NA,NA,312.7789,NA,0.00566,45.57592,-45.26088,"108","plus","hard","alpha","trim_skip",312.7789
NA,NA,NA,312.7789,NA,0.00566,45.57592,-45.26088,"108","plus","medium","alpha","trim_skip",312.7789
NA,NA,NA,330.8235,NA,0.00365,14.54953,-59.49983,"109","minus","easy","alpha","trim_skip",330.8235
NA,NA,NA,330.8235,NA,0.00365,14.54953,-59.49983,"109","minus","hard","alpha","trim_skip",330.8235
NA,NA,NA,330.8235,NA,0.00365,14.54953,-59.49983,"109","minus","medium","alpha","trim_skip",330.8235
NA,NA,NA,330.8235,NA,0.00365,14.54953,-59.49983,"109","plus","easy","alpha","trim_skip",330.8235
NA,NA,NA,330.8235,NA,0.00365,14.54953,-59.49983,"109","plus","hard","alpha","trim_skip",330.8235
NA,NA,NA,330.8235,NA,0.00365,14.54953,-59.49983,"109","plus","medium","alpha","trim_skip",330.8235
NA,NA,NA,242.6347,NA,0.00358,25.16097,57.77844,"110","minus","easy","alpha","trim_skip",242.6347
NA,NA,NA,242.6347,NA,0.00358,25.16097,57.77844,"110","minus","hard","alpha","trim_skip",242.6347
NA,NA,NA,242.6347,NA,0.00358,25.16097,57.77844,"110","minus","medium","alpha","trim_skip",242.6347
NA,NA,NA,242.6347,NA,0.00358,25.16097,57.77844,"110","plus","easy","alpha","trim_skip",242.6347
NA,NA,NA,242.6347,NA,0.00358,25.16097,57.77844,"110","plus","hard","alpha","trim_skip",242.6347
NA,NA,NA,242.6347,NA,0.00358,25.16097,57.77844,"110","plus","medium","alpha","trim_skip",242.6347
NA,NA,NA,249.5769,NA,0.00479,3.29656,60.19684,"111","minus","easy","alpha","trim_skip",249.5769
NA,NA,NA,249.5769,NA,0.00479,3.29656,60.19684,"111","minus","hard","alpha","trim_skip",249.5769
NA,NA,NA,249.5769,NA,0.00479,3.29656,60.19684,"111","minus","medium","alpha","trim_skip",249.5769
NA,NA,NA,249.5769,NA,0.00479,3.29656,60.19684,"111","plus","easy","alpha","trim_skip",249.5769
NA,NA,NA,249.5769,NA,0.00479,3.29656,60.19684,"111","plus","hard","alpha","trim_skip",249.5769
NA,NA,NA,249.5769,NA,0.00479,3.29656,60.19684,"111","plus","medium","alpha","trim_skip",249.5769
NA,NA,NA,449.7597,NA,0.00271,12.0386,41.6993,"112","minus","easy","alpha","trim_skip",449.7597
NA,NA,NA,449.7597,NA,0.00271,12.0386,41.6993,"112","minus","hard","alpha","trim_skip",449.7597
NA,NA,NA,449.7597,NA,0.00271,12.0386,41.6993,"112","minus","medium","alpha","trim_skip",449.7597
NA,NA,NA,449.7597,NA,0.00271,12.0386,41.6993,"112","plus","easy","alpha","trim_skip",449.7597
NA,NA,NA,449.7597,NA,0.00271,12.0386,41.6993,"112","plus","hard","alpha","trim_skip",449.7597
NA,NA,NA,449.7597,NA,0.00271,12.0386,41.6993,"112","plus","medium","alpha","trim_skip",449.7597
NA,NA,NA,220.4253,NA,0.00705,8.25747,0.39914,"113","minus","easy","alpha","trim_skip",220.4253
NA,NA,NA,220.4253,NA,0.00705,8.25747,0.39914,"113","minus","hard","alpha","trim_skip",220.4253
NA,NA,NA,220.4253,NA,0.00705,8.25747,0.39914,"113","minus","medium","alpha","trim_skip",220.4253
NA,NA,NA,220.4253,NA,0.00705,8.25747,0.39914,"113","plus","easy","alpha","trim_skip",220.4253
NA,NA,NA,220.4253,NA,0.00705,8.25747,0.39914,"113","plus","hard","alpha","trim_skip",220.4253
NA,NA,NA,220.4253,NA,0.00705,8.25747,0.39914,"113","plus","medium","alpha","trim_skip",220.4253
NA,NA,NA,351.5471,NA,0.00318,25.6312,44.31296,"115","minus","easy","alpha","trim_skip",351.5471
NA,NA,NA,351.5471,NA,0.00318,25.6312,44.31296,"115","minus","hard","alpha","trim_skip",351.5471
NA,NA,NA,351.5471,NA,0.00318,25.6312,44.31296,"115","minus","medium","alpha","trim_skip",351.5471
NA,NA,NA,351.5471,NA,0.00318,25.6312,44.31296,"115","plus","easy","alpha","trim_skip",351.5471
NA,NA,NA,351.5471,NA,0.00318,25.6312,44.31296,"115","plus","hard","alpha","trim_skip",351.5471
NA,NA,NA,351.5471,NA,0.00318,25.6312,44.31296,"115","plus","medium","alpha","trim_skip",351.5471
NA,NA,NA,253.4754,NA,0.00566,33.49202,-23.4284,"116","minus","easy","alpha","trim_skip",253.4754
NA,NA,NA,253.4754,NA,0.00566,33.49202,-23.4284,"116","minus","hard","alpha","trim_skip",253.4754
NA,NA,NA,253.4754,NA,0.00566,33.49202,-23.4284,"116","minus","medium","alpha","trim_skip",253.4754
NA,NA,NA,253.4754,NA,0.00566,33.49202,-23.4284,"116","plus","easy","alpha","trim_skip",253.4754
NA,NA,NA,253.4754,NA,0.00566,33.49202,-23.4284,"116","plus","hard","alpha","trim_skip",253.4754
NA,NA,NA,253.4754,NA,0.00566,33.49202,-23.4284,"116","plus","medium","alpha","trim_skip",253.4754
NA,NA,NA,261.7427,NA,0.00412,30.51999,5.62367,"117","minus","easy","alpha","trim_skip",261.7427
NA,NA,NA,261.7427,NA,0.00412,30.51999,5.62367,"117","minus","hard","alpha","trim_skip",261.7427
NA,NA,NA,261.7427,NA,0.00412,30.51999,5.62367,"117","minus","medium","alpha","trim_skip",261.7427
NA,NA,NA,261.7427,NA,0.00412,30.51999,5.62367,"117","plus","easy","alpha","trim_skip",261.7427
NA,NA,NA,261.7427,NA,0.00412,30.51999,5.62367,"117","plus","hard","alpha","trim_skip",261.7427
NA,NA,NA,261.7427,NA,0.00412,30.51999,5.62367,"117","plus","medium","alpha","trim_skip",261.7427
NA,NA,NA,NA,NA,NA,NA,NA,"118","minus","easy","alpha","trim_skip",NA
NA,NA,NA,NA,NA,NA,NA,NA,"118","minus","hard","alpha","trim_skip",NA
NA,NA,NA,NA,NA,NA,NA,NA,"118","minus","medium","alpha","trim_skip",NA
NA,NA,NA,NA,NA,NA,NA,NA,"118","plus","easy","alpha","trim_skip",NA
NA,NA,NA,NA,NA,NA,NA,NA,"118","plus","hard","alpha","trim_skip",NA
NA,NA,NA,NA,NA,NA,NA,NA,"118","plus","medium","alpha","trim_skip",NA
NA,NA,NA,348.8024,NA,0.00614,5.89759,61.33715,"120","minus","easy","alpha","trim_skip",348.8024
NA,NA,NA,348.8024,NA,0.00614,5.89759,61.33715,"120","minus","hard","alpha","trim_skip",348.8024
NA,NA,NA,348.8024,NA,0.00614,5.89759,61.33715,"120","minus","medium","alpha","trim_skip",348.8024
NA,NA,NA,348.8024,NA,0.00614,5.89759,61.33715,"120","plus","easy","alpha","trim_skip",348.8024
NA,NA,NA,348.8024,NA,0.00614,5.89759,61.33715,"120","plus","hard","alpha","trim_skip",348.8024
NA,NA,NA,348.8024,NA,0.00614,5.89759,61.33715,"120","plus","medium","alpha","trim_skip",348.8024
NA,NA,NA,326.5117,NA,0.00489,35.36721,-4.71079,"121","minus","easy","alpha","trim_skip",326.5117
NA,NA,NA,326.5117,NA,0.00489,35.36721,-4.71079,"121","minus","hard","alpha","trim_skip",326.5117
NA,NA,NA,326.5117,NA,0.00489,35.36721,-4.71079,"121","minus","medium","alpha","trim_skip",326.5117
NA,NA,NA,326.5117,NA,0.00489,35.36721,-4.71079,"121","plus","easy","alpha","trim_skip",326.5117
NA,NA,NA,326.5117,NA,0.00489,35.36721,-4.71079,"121","plus","hard","alpha","trim_skip",326.5117
NA,NA,NA,326.5117,NA,0.00489,35.36721,-4.71079,"121","plus","medium","alpha","trim_skip",326.5117
NA,NA,NA,212.5694,NA,0.00511,8.07987,-42.46399,"122","minus","easy","alpha","trim_skip",212.5694
NA,NA,NA,212.5694,NA,0.00511,8.07987,-42.46399,"122","minus","hard","alpha","trim_skip",212.5694
NA,NA,NA,212.5694,NA,0.00511,8.07987,-42.46399,"122","minus","medium","alpha","trim_skip",212.5694
NA,NA,NA,212.5694,NA,0.00511,8.07987,-42.46399,"122","plus","easy","alpha","trim_skip",212.5694
NA,NA,NA,212.5694,NA,0.00511,8.07987,-42.46399,"122","plus","hard","alpha","trim_skip",212.5694
NA,NA,NA,212.5694,NA,0.00511,8.07987,-42.46399,"122","plus","medium","alpha","trim_skip",212.5694
NA,NA,NA,273.449,NA,0.00367,21.05703,28.83051,"123","minus","easy","alpha","trim_skip",273.449
NA,NA,NA,273.449,NA,0.00367,21.05703,28.83051,"123","minus","hard","alpha","trim_skip",273.449
NA,NA,NA,273.449,NA,0.00367,21.05703,28.83051,"123","minus","medium","alpha","trim_skip",273.449
NA,NA,NA,273.449,NA,0.00367,21.05703,28.83051,"123","plus","easy","alpha","trim_skip",273.449
NA,NA,NA,273.449,NA,0.00367,21.05703,28.83051,"123","plus","hard","alpha","trim_skip",273.449
NA,NA,NA,273.449,NA,0.00367,21.05703,28.83051,"123","plus","medium","alpha","trim_skip",273.449
NA,NA,NA,89.26395,NA,0.01039,34.62558,-4.9735,"124","minus","easy","alpha","trim_skip",89.26395
NA,NA,NA,89.26395,NA,0.01039,34.62558,-4.9735,"124","minus","hard","alpha","trim_skip",89.26395
NA,NA,NA,89.26395,NA,0.01039,34.62558,-4.9735,"124","minus","medium","alpha","trim_skip",89.26395
NA,NA,NA,89.26395,NA,0.01039,34.62558,-4.9735,"124","plus","easy","alpha","trim_skip",89.26395
NA,NA,NA,89.26395,NA,0.01039,34.62558,-4.9735,"124","plus","hard","alpha","trim_skip",89.26395
NA,NA,NA,89.26395,NA,0.01039,34.62558,-4.9735,"124","plus","medium","alpha","trim_skip",89.26395
NA,NA,NA,283.1554,NA,0.00321,2.852,11.60455,"125","minus","easy","alpha","trim_skip",283.1554
NA,NA,NA,283.1554,NA,0.00321,2.852,11.60455,"125","minus","hard","alpha","trim_skip",283.1554
NA,NA,NA,283.1554,NA,0.00321,2.852,11.60455,"125","minus","medium","alpha","trim_skip",283.1554
NA,NA,NA,283.1554,NA,0.00321,2.852,11.60455,"125","plus","easy","alpha","trim_skip",283.1554
NA,NA,NA,283.1554,NA,0.00321,2.852,11.60455,"125","plus","hard","alpha","trim_skip",283.1554
NA,NA,NA,283.1554,NA,0.00321,2.852,11.60455,"125","plus","medium","alpha","trim_skip",283.1554
NA,NA,NA,183.404,NA,0.00851,24.95097,74.06514,"126","minus","easy","alpha","trim_skip",183.404
NA,NA,NA,183.404,NA,0.00851,24.95097,74.06514,"126","minus","hard","alpha","trim_skip",183.404
NA,NA,NA,183.404,NA,0.00851,24.95097,74.06514,"126","minus","medium","alpha","trim_skip",183.404
NA,NA,NA,183.404,NA,0.00851,24.95097,74.06514,"126","plus","easy","alpha","trim_skip",183.404
NA,NA,NA,183.404,NA,0.00851,24.95097,74.06514,"126","plus","hard","alpha","trim_skip",183.404
NA,NA,NA,183.404,NA,0.00851,24.95097,74.06514,"126","plus","medium","alpha","trim_skip",183.404
NA,NA,NA,200.3813,NA,0.00365,10.09319,15.82793,"127","minus","easy","alpha","trim_skip",200.3813
NA,NA,NA,200.3813,NA,0.00365,10.09319,15.82793,"127","minus","hard","alpha","trim_skip",200.3813
NA,NA,NA,200.3813,NA,0.00365,10.09319,15.82793,"127","minus","medium","alpha","trim_skip",200.3813
NA,NA,NA,200.3813,NA,0.00365,10.09319,15.82793,"127","plus","easy","alpha","trim_skip",200.3813
NA,NA,NA,200.3813,NA,0.00365,10.09319,15.82793,"127","plus","hard","alpha","trim_skip",200.3813
NA,NA,NA,200.3813,NA,0.00365,10.09319,15.82793,"127","plus","medium","alpha","trim_skip",200.3813
NA,NA,NA,NA,NA,NA,NA,NA,"128","minus","easy","alpha","trim_skip",NA
NA,NA,NA,NA,NA,NA,NA,NA,"128","minus","hard","alpha","trim_skip",NA
NA,NA,NA,NA,NA,NA,NA,NA,"128","minus","medium","alpha","trim_skip",NA
NA,NA,NA,NA,NA,NA,NA,NA,"128","plus","easy","alpha","trim_skip",NA
NA,NA,NA,NA,NA,NA,NA,NA,"128","plus","hard","alpha","trim_skip",NA
NA,NA,NA,NA,NA,NA,NA,NA,"128","plus","medium","alpha","trim_skip",NA
NA,NA,NA,347.6571,NA,0.00481,11.74115,-92.88138,"130","minus","easy","alpha","trim_skip",347.6571
NA,NA,NA,347.6571,NA,0.00481,11.74115,-92.88138,"130","minus","hard","alpha","trim_skip",347.6571
NA,NA,NA,347.6571,NA,0.00481,11.74115,-92.88138,"130","minus","medium","alpha","trim_skip",347.6571
NA,NA,NA,347.6571,NA,0.00481,11.74115,-92.88138,"130","plus","easy","alpha","trim_skip",347.6571
NA,NA,NA,347.6571,NA,0.00481,11.74115,-92.88138,"130","plus","hard","alpha","trim_skip",347.6571
NA,NA,NA,347.6571,NA,0.00481,11.74115,-92.88138,"130","plus","medium","alpha","trim_skip",347.6571
NA,NA,NA,301.2972,NA,0.00314,38.53162,52.66339,"132","minus","easy","alpha","trim_skip",301.2972
NA,NA,NA,301.2972,NA,0.00314,38.53162,52.66339,"132","minus","hard","alpha","trim_skip",301.2972
NA,NA,NA,301.2972,NA,0.00314,38.53162,52.66339,"132","minus","medium","alpha","trim_skip",301.2972
NA,NA,NA,301.2972,NA,0.00314,38.53162,52.66339,"132","plus","easy","alpha","trim_skip",301.2972
NA,NA,NA,301.2972,NA,0.00314,38.53162,52.66339,"132","plus","hard","alpha","trim_skip",301.2972
NA,NA,NA,301.2972,NA,0.00314,38.53162,52.66339,"132","plus","medium","alpha","trim_skip",301.2972
NA,NA,NA,313.7581,NA,0.00685,10.02772,-13.75115,"1320","minus","easy","alpha","trim_skip",313.7581
NA,NA,NA,313.7581,NA,0.00685,10.02772,-13.75115,"1320","minus","hard","alpha","trim_skip",313.7581
NA,NA,NA,313.7581,NA,0.00685,10.02772,-13.75115,"1320","minus","medium","alpha","trim_skip",313.7581
NA,NA,NA,313.7581,NA,0.00685,10.02772,-13.75115,"1320","plus","easy","alpha","trim_skip",313.7581
NA,NA,NA,313.7581,NA,0.00685,10.02772,-13.75115,"1320","plus","hard","alpha","trim_skip",313.7581
NA,NA,NA,313.7581,NA,0.00685,10.02772,-13.75115,"1320","plus","medium","alpha","trim_skip",313.7581
NA,NA,NA,377.4257,NA,0.00398,17.53318,5.21096,"134","minus","easy","alpha","trim_skip",377.4257
NA,NA,NA,377.4257,NA,0.00398,17.53318,5.21096,"134","minus","hard","alpha","trim_skip",377.4257
NA,NA,NA,377.4257,NA,0.00398,17.53318,5.21096,"134","minus","medium","alpha","trim_skip",377.4257
NA,NA,NA,377.4257,NA,0.00398,17.53318,5.21096,"134","plus","easy","alpha","trim_skip",377.4257
NA,NA,NA,377.4257,NA,0.00398,17.53318,5.21096,"134","plus","hard","alpha","trim_skip",377.4257
NA,NA,NA,377.4257,NA,0.00398,17.53318,5.21096,"134","plus","medium","alpha","trim_skip",377.4257
NA,NA,NA,257.2067,NA,0.004,35.82938,14.98899,"75","minus","easy","alpha","trim_skip",257.2067
NA,NA,NA,257.2067,NA,0.004,35.82938,14.98899,"75","minus","hard","alpha","trim_skip",257.2067
NA,NA,NA,257.2067,NA,0.004,35.82938,14.98899,"75","minus","medium","alpha","trim_skip",257.2067
NA,NA,NA,257.2067,NA,0.004,35.82938,14.98899,"75","plus","easy","alpha","trim_skip",257.2067
NA,NA,NA,257.2067,NA,0.004,35.82938,14.98899,"75","plus","hard","alpha","trim_skip",257.2067
NA,NA,NA,257.2067,NA,0.004,35.82938,14.98899,"75","plus","medium","alpha","trim_skip",257.2067
NA,NA,NA,NA,NA,NA,NA,NA,"76","minus","easy","alpha","trim_skip",NA
NA,NA,NA,NA,NA,NA,NA,NA,"76","minus","hard","alpha","trim_skip",NA
NA,NA,NA,NA,NA,NA,NA,NA,"76","minus","medium","alpha","trim_skip",NA
NA,NA,NA,NA,NA,NA,NA,NA,"76","plus","easy","alpha","trim_skip",NA
NA,NA,NA,NA,NA,NA,NA,NA,"76","plus","hard","alpha","trim_skip",NA
NA,NA,NA,NA,NA,NA,NA,NA,"76","plus","medium","alpha","trim_skip",NA
NA,NA,NA,359.179,NA,0.00298,18.38381,-34.81228,"77","minus","easy","alpha","trim_skip",359.179
NA,NA,NA,359.179,NA,0.00298,18.38381,-34.81228,"77","minus","hard","alpha","trim_skip",359.179
NA,NA,NA,359.179,NA,0.00298,18.38381,-34.81228,"77","minus","medium","alpha","trim_skip",359.179
NA,NA,NA,359.179,NA,0.00298,18.38381,-34.81228,"77","plus","easy","alpha","trim_skip",359.179
NA,NA,NA,359.179,NA,0.00298,18.38381,-34.81228,"77","plus","hard","alpha","trim_skip",359.179
NA,NA,NA,359.179,NA,0.00298,18.38381,-34.81228,"77","plus","medium","alpha","trim_skip",359.179
NA,NA,NA,213.8127,NA,0.00574,24.06879,-71.05834,"78","minus","easy","alpha","trim_skip",213.8127
NA,NA,NA,213.8127,NA,0.00574,24.06879,-71.05834,"78","minus","hard","alpha","trim_skip",213.8127
NA,NA,NA,213.8127,NA,0.00574,24.06879,-71.05834,"78","minus","medium","alpha","trim_skip",213.8127
NA,NA,NA,213.8127,NA,0.00574,24.06879,-71.05834,"78","plus","easy","alpha","trim_skip",213.8127
NA,NA,NA,213.8127,NA,0.00574,24.06879,-71.05834,"78","plus","hard","alpha","trim_skip",213.8127
NA,NA,NA,213.8127,NA,0.00574,24.06879,-71.05834,"78","plus","medium","alpha","trim_skip",213.8127
NA,NA,NA,271.2902,NA,0.00487,23.81453,-2.73871,"79","minus","easy","alpha","trim_skip",271.2902
NA,NA,NA,271.2902,NA,0.00487,23.81453,-2.73871,"79","minus","hard","alpha","trim_skip",271.2902
NA,NA,NA,271.2902,NA,0.00487,23.81453,-2.73871,"79","minus","medium","alpha","trim_skip",271.2902
NA,NA,NA,271.2902,NA,0.00487,23.81453,-2.73871,"79","plus","easy","alpha","trim_skip",271.2902
NA,NA,NA,271.2902,NA,0.00487,23.81453,-2.73871,"79","plus","hard","alpha","trim_skip",271.2902
NA,NA,NA,271.2902,NA,0.00487,23.81453,-2.73871,"79","plus","medium","alpha","trim_skip",271.2902
NA,NA,NA,371.1524,NA,0.00175,44.46695,34.86428,"80","minus","easy","alpha","trim_skip",371.1524
NA,NA,NA,371.1524,NA,0.00175,44.46695,34.86428,"80","minus","hard","alpha","trim_skip",371.1524
NA,NA,NA,371.1524,NA,0.00175,44.46695,34.86428,"80","minus","medium","alpha","trim_skip",371.1524
NA,NA,NA,371.1524,NA,0.00175,44.46695,34.86428,"80","plus","easy","alpha","trim_skip",371.1524
NA,NA,NA,371.1524,NA,0.00175,44.46695,34.86428,"80","plus","hard","alpha","trim_skip",371.1524
NA,NA,NA,371.1524,NA,0.00175,44.46695,34.86428,"80","plus","medium","alpha","trim_skip",371.1524
NA,NA,NA,341.6499,NA,0.00432,40.01183,41.32288,"81","minus","easy","alpha","trim_skip",341.6499
NA,NA,NA,341.6499,NA,0.00432,40.01183,41.32288,"81","minus","hard","alpha","trim_skip",341.6499
NA,NA,NA,341.6499,NA,0.00432,40.01183,41.32288,"81","minus","medium","alpha","trim_skip",341.6499
NA,NA,NA,341.6499,NA,0.00432,40.01183,41.32288,"81","plus","easy","alpha","trim_skip",341.6499
NA,NA,NA,341.6499,NA,0.00432,40.01183,41.32288,"81","plus","hard","alpha","trim_skip",341.6499
NA,NA,NA,341.6499,NA,0.00432,40.01183,41.32288,"81","plus","medium","alpha","trim_skip",341.6499
NA,NA,NA,NA,NA,NA,NA,NA,"82","minus","easy","alpha","trim_skip",NA
NA,NA,NA,NA,NA,NA,NA,NA,"82","minus","hard","alpha","trim_skip",NA
NA,NA,NA,NA,NA,NA,NA,NA,"82","minus","medium","alpha","trim_skip",NA
NA,NA,NA,NA,NA,NA,NA,NA,"82","plus","easy","alpha","trim_skip",NA
NA,NA,NA,NA,NA,NA,NA,NA,"82","plus","hard","alpha","trim_skip",NA
NA,NA,NA,NA,NA,NA,NA,NA,"82","plus","medium","alpha","trim_skip",NA
NA,NA,NA,217.3752,NA,0.00641,30.73908,-72.18399,"84","minus","easy","alpha","trim_skip",217.3752
NA,NA,NA,217.3752,NA,0.00641,30.73908,-72.18399,"84","minus","hard","alpha","trim_skip",217.3752
NA,NA,NA,217.3752,NA,0.00641,30.73908,-72.18399,"84","minus","medium","alpha","trim_skip",217.3752
NA,NA,NA,217.3752,NA,0.00641,30.73908,-72.18399,"84","plus","easy","alpha","trim_skip",217.3752
NA,NA,NA,217.3752,NA,0.00641,30.73908,-72.18399,"84","plus","hard","alpha","trim_skip",217.3752
NA,NA,NA,217.3752,NA,0.00641,30.73908,-72.18399,"84","plus","medium","alpha","trim_skip",217.3752
NA,NA,NA,261.7004,NA,0.00459,11.96058,31.51632,"85","minus","easy","alpha","trim_skip",261.7004
NA,NA,NA,261.7004,NA,0.00459,11.96058,31.51632,"85","minus","hard","alpha","trim_skip",261.7004
NA,NA,NA,261.7004,NA,0.00459,11.96058,31.51632,"85","minus","medium","alpha","trim_skip",261.7004
NA,NA,NA,261.7004,NA,0.00459,11.96058,31.51632,"85","plus","easy","alpha","trim_skip",261.7004
NA,NA,NA,261.7004,NA,0.00459,11.96058,31.51632,"85","plus","hard","alpha","trim_skip",261.7004
NA,NA,NA,261.7004,NA,0.00459,11.96058,31.51632,"85","plus","medium","alpha","trim_skip",261.7004
NA,NA,NA,277.7167,NA,0.00493,32.77928,-56.27578,"86","minus","easy","alpha","trim_skip",277.7167
NA,NA,NA,277.7167,NA,0.00493,32.77928,-56.27578,"86","minus","hard","alpha","trim_skip",277.7167
NA,NA,NA,277.7167,NA,0.00493,32.77928,-56.27578,"86","minus","medium","alpha","trim_skip",277.7167
NA,NA,NA,277.7167,NA,0.00493,32.77928,-56.27578,"86","plus","easy","alpha","trim_skip",277.7167
NA,NA,NA,277.7167,NA,0.00493,32.77928,-56.27578,"86","plus","hard","alpha","trim_skip",277.7167
NA,NA,NA,277.7167,NA,0.00493,32.77928,-56.27578,"86","plus","medium","alpha","trim_skip",277.7167
NA,NA,NA,250.7805,NA,0.0028,19.4321,-52.85604,"87","minus","easy","alpha","trim_skip",250.7805
NA,NA,NA,250.7805,NA,0.0028,19.4321,-52.85604,"87","minus","hard","alpha","trim_skip",250.7805
NA,NA,NA,250.7805,NA,0.0028,19.4321,-52.85604,"87","minus","medium","alpha","trim_skip",250.7805
NA,NA,NA,250.7805,NA,0.0028,19.4321,-52.85604,"87","plus","easy","alpha","trim_skip",250.7805
NA,NA,NA,250.7805,NA,0.0028,19.4321,-52.85604,"87","plus","hard","alpha","trim_skip",250.7805
NA,NA,NA,250.7805,NA,0.0028,19.4321,-52.85604,"87","plus","medium","alpha","trim_skip",250.7805
NA,NA,NA,254.2451,NA,0.00497,48.68631,41.6862,"89","minus","easy","alpha","trim_skip",254.2451
NA,NA,NA,254.2451,NA,0.00497,48.68631,41.6862,"89","minus","hard","alpha","trim_skip",254.2451
NA,NA,NA,254.2451,NA,0.00497,48.68631,41.6862,"89","minus","medium","alpha","trim_skip",254.2451
NA,NA,NA,254.2451,NA,0.00497,48.68631,41.6862,"89","plus","easy","alpha","trim_skip",254.2451
NA,NA,NA,254.2451,NA,0.00497,48.68631,41.6862,"89","plus","hard","alpha","trim_skip",254.2451
NA,NA,NA,254.2451,NA,0.00497,48.68631,41.6862,"89","plus","medium","alpha","trim_skip",254.2451
NA,NA,NA,392.9387,NA,0.00409,29.40273,19.72851,"91","minus","easy","alpha","trim_skip",392.9387
NA,NA,NA,392.9387,NA,0.00409,29.40273,19.72851,"91","minus","hard","alpha","trim_skip",392.9387
NA,NA,NA,392.9387,NA,0.00409,29.40273,19.72851,"91","minus","medium","alpha","trim_skip",392.9387
NA,NA,NA,392.9387,NA,0.00409,29.40273,19.72851,"91","plus","easy","alpha","trim_skip",392.9387
NA,NA,NA,392.9387,NA,0.00409,29.40273,19.72851,"91","plus","hard","alpha","trim_skip",392.9387
NA,NA,NA,392.9387,NA,0.00409,29.40273,19.72851,"91","plus","medium","alpha","trim_skip",392.9387
NA,NA,NA,373.491,NA,0.00319,18.78106,15.20354,"92","minus","easy","alpha","trim_skip",373.491
NA,NA,NA,373.491,NA,0.00319,18.78106,15.20354,"92","minus","hard","alpha","trim_skip",373.491
NA,NA,NA,373.491,NA,0.00319,18.78106,15.20354,"92","minus","medium","alpha","trim_skip",373.491
NA,NA,NA,373.491,NA,0.00319,18.78106,15.20354,"92","plus","easy","alpha","trim_skip",373.491
NA,NA,NA,373.491,NA,0.00319,18.78106,15.20354,"92","plus","hard","alpha","trim_skip",373.491
NA,NA,NA,373.491,NA,0.00319,18.78106,15.20354,"92","plus","medium","alpha","trim_skip",373.491
NA,NA,NA,293.0106,NA,0.00425,35.64088,-6.11375,"94","minus","easy","alpha","trim_skip",293.0106
NA,NA,NA,293.0106,NA,0.00425,35.64088,-6.11375,"94","minus","hard","alpha","trim_skip",293.0106
NA,NA,NA,293.0106,NA,0.00425,35.64088,-6.11375,"94","minus","medium","alpha","trim_skip",293.0106
NA,NA,NA,293.0106,NA,0.00425,35.64088,-6.11375,"94","plus","easy","alpha","trim_skip",293.0106
NA,NA,NA,293.0106,NA,0.00425,35.64088,-6.11375,"94","plus","hard","alpha","trim_skip",293.0106
NA,NA,NA,293.0106,NA,0.00425,35.64088,-6.11375,"94","plus","medium","alpha","trim_skip",293.0106
NA,NA,NA,255.5702,NA,0.00481,5.61199,39.07751,"95","minus","easy","alpha","trim_skip",255.5702
NA,NA,NA,255.5702,NA,0.00481,5.61199,39.07751,"95","minus","hard","alpha","trim_skip",255.5702
NA,NA,NA,255.5702,NA,0.00481,5.61199,39.07751,"95","minus","medium","alpha","trim_skip",255.5702
NA,NA,NA,255.5702,NA,0.00481,5.61199,39.07751,"95","plus","easy","alpha","trim_skip",255.5702
NA,NA,NA,255.5702,NA,0.00481,5.61199,39.07751,"95","plus","hard","alpha","trim_skip",255.5702
NA,NA,NA,255.5702,NA,0.00481,5.61199,39.07751,"95","plus","medium","alpha","trim_skip",255.5702
NA,NA,NA,305.0191,NA,0.00565,43.62584,-35.99846,"96","minus","easy","alpha","trim_skip",305.0191
NA,NA,NA,305.0191,NA,0.00565,43.62584,-35.99846,"96","minus","hard","alpha","trim_skip",305.0191
NA,NA,NA,305.0191,NA,0.00565,43.62584,-35.99846,"96","minus","medium","alpha","trim_skip",305.0191
NA,NA,NA,305.0191,NA,0.00565,43.62584,-35.99846,"96","plus","easy","alpha","trim_skip",305.0191
NA,NA,NA,305.0191,NA,0.00565,43.62584,-35.99846,"96","plus","hard","alpha","trim_skip",305.0191
NA,NA,NA,305.0191,NA,0.00565,43.62584,-35.99846,"96","plus","medium","alpha","trim_skip",305.0191
NA,NA,NA,249.1972,NA,0.00592,20.62896,45.01132,"97","minus","easy","alpha","trim_skip",249.1972
NA,NA,NA,249.1972,NA,0.00592,20.62896,45.01132,"97","minus","hard","alpha","trim_skip",249.1972
NA,NA,NA,249.1972,NA,0.00592,20.62896,45.01132,"97","minus","medium","alpha","trim_skip",249.1972
NA,NA,NA,249.1972,NA,0.00592,20.62896,45.01132,"97","plus","easy","alpha","trim_skip",249.1972
NA,NA,NA,249.1972,NA,0.00592,20.62896,45.01132,"97","plus","hard","alpha","trim_skip",249.1972
NA,NA,NA,249.1972,NA,0.00592,20.62896,45.01132,"97","plus","medium","alpha","trim_skip",249.1972
NA,NA,NA,332.1471,NA,0.00385,3.01604,0.97776,"98","minus","easy","alpha","trim_skip",332.1471
NA,NA,NA,332.1471,NA,0.00385,3.01604,0.97776,"98","minus","hard","alpha","trim_skip",332.1471
NA,NA,NA,332.1471,NA,0.00385,3.01604,0.97776,"98","minus","medium","alpha","trim_skip",332.1471
NA,NA,NA,332.1471,NA,0.00385,3.01604,0.97776,"98","plus","easy","alpha","trim_skip",332.1471
NA,NA,NA,332.1471,NA,0.00385,3.01604,0.97776,"98","plus","hard","alpha","trim_skip",332.1471
NA,NA,NA,332.1471,NA,0.00385,3.01604,0.97776,"98","plus","medium","alpha","trim_skip",332.1471
NA,NA,NA,355.6935,NA,0.00224,34.51504,-0.96625,"99","minus","easy","alpha","trim_skip",355.6935
NA,NA,NA,355.6935,NA,0.00224,34.51504,-0.96625,"99","minus","hard","alpha","trim_skip",355.6935
NA,NA,NA,355.6935,NA,0.00224,34.51504,-0.96625,"99","minus","medium","alpha","trim_skip",355.6935
NA,NA,NA,355.6935,NA,0.00224,34.51504,-0.96625,"99","plus","easy","alpha","trim_skip",355.6935
NA,NA,NA,355.6935,NA,0.00224,34.51504,-0.96625,"99","plus","hard","alpha","trim_skip",355.6935
NA,NA,NA,355.6935,NA,0.00224,34.51504,-0.96625,"99","plus","medium","alpha","trim_skip",355.6935
NA,NA,NA,273.2464,NA,0.00395,17.31995,27.97667,"10","minus","easy","beta","trim_skip",273.2464
NA,NA,NA,273.2464,NA,0.00395,17.31995,27.97667,"10","minus","hard","beta","trim_skip",273.2464
NA,NA,NA,273.2464,NA,0.00395,17.31995,27.97667,"10","minus","medium","beta","trim_skip",273.2464
NA,NA,NA,273.2464,NA,0.00395,17.31995,27.97667,"10","plus","easy","beta","trim_skip",273.2464
NA,NA,NA,273.2464,NA,0.00395,17.31995,27.97667,"10","plus","hard","beta","trim_skip",273.2464
NA,NA,NA,273.2464,NA,0.00395,17.31995,27.97667,"10","plus","medium","beta","trim_skip",273.2464
NA,NA,NA,267.5607,NA,0.00572,32.51621,35.34012,"11","minus","easy","beta","trim_skip",267.5607
NA,NA,NA,267.5607,NA,0.00572,32.51621,35.34012,"11","minus","hard","beta","trim_skip",267.5607
NA,NA,NA,267.5607,NA,0.00572,32.51621,35.34012,"11","minus","medium","beta","trim_skip",267.5607
NA,NA,NA,267.5607,NA,0.00572,32.51621,35.34012,"11","plus","easy","beta","trim_skip",267.5607
NA,NA,NA,267.5607,NA,0.00572,32.51621,35.34012,"11","plus","hard","beta","trim_skip",267.5607
NA,NA,NA,267.5607,NA,0.00572,32.51621,35.34012,"11","plus","medium","beta","trim_skip",267.5607
NA,NA,NA,167.1008,NA,0.0074,35.54845,6.9254,"12","minus","easy","beta","trim_skip",167.1008
NA,NA,NA,167.1008,NA,0.0074,35.54845,6.9254,"12","minus","hard","beta","trim_skip",167.1008
NA,NA,NA,167.1008,NA,0.0074,35.54845,6.9254,"12","minus","medium","beta","trim_skip",167.1008
NA,NA,NA,167.1008,NA,0.0074,35.54845,6.9254,"12","plus","easy","beta","trim_skip",167.1008
NA,NA,NA,167.1008,NA,0.0074,35.54845,6.9254,"12","plus","hard","beta","trim_skip",167.1008
NA,NA,NA,167.1008,NA,0.0074,35.54845,6.9254,"12","plus","medium","beta","trim_skip",167.1008
NA,NA,NA,250.3387,NA,0.00773,14.66896,50.63515,"13","minus","easy","beta","trim_skip",250.3387
NA,NA,NA,250.3387,NA,0.00773,14.66896,50.63515,"13","minus","hard","beta","trim_skip",250.3387
NA,NA,NA,250.3387,NA,0.00773,14.66896,50.63515,"13","minus","medium","beta","trim_skip",250.3387
NA,NA,NA,250.3387,NA,0.00773,14.66896,50.63515,"13","plus","easy","beta","trim_skip",250.3387
NA,NA,NA,250.3387,NA,0.00773,14.66896,50.63515,"13","plus","hard","beta","trim_skip",250.3387
NA,NA,NA,250.3387,NA,0.00773,14.66896,50.63515,"13","plus","medium","beta","trim_skip",250.3387
NA,NA,NA,277.102,NA,0.00491,24.02291,-6.38172,"15","minus","easy","beta","trim_skip",277.102
NA,NA,NA,277.102,NA,0.00491,24.02291,-6.38172,"15","minus","hard","beta","trim_skip",277.102
NA,NA,NA,277.102,NA,0.00491,24.02291,-6.38172,"15","minus","medium","beta","trim_skip",277.102
NA,NA,NA,277.102,NA,0.00491,24.02291,-6.38172,"15","plus","easy","beta","trim_skip",277.102
NA,NA,NA,277.102,NA,0.00491,24.02291,-6.38172,"15","plus","hard","beta","trim_skip",277.102
NA,NA,NA,277.102,NA,0.00491,24.02291,-6.38172,"15","plus","medium","beta","trim_skip",277.102
NA,NA,NA,282.1077,NA,0.00437,25.60826,53.33412,"16","minus","easy","beta","trim_skip",282.1077
NA,NA,NA,282.1077,NA,0.00437,25.60826,53.33412,"16","minus","hard","beta","trim_skip",282.1077
NA,NA,NA,282.1077,NA,0.00437,25.60826,53.33412,"16","minus","medium","beta","trim_skip",282.1077
NA,NA,NA,282.1077,NA,0.00437,25.60826,53.33412,"16","plus","easy","beta","trim_skip",282.1077
NA,NA,NA,282.1077,NA,0.00437,25.60826,53.33412,"16","plus","hard","beta","trim_skip",282.1077
NA,NA,NA,282.1077,NA,0.00437,25.60826,53.33412,"16","plus","medium","beta","trim_skip",282.1077
NA,NA,NA,217.0522,NA,0.00635,19.59257,5.37757,"17","minus","easy","beta","trim_skip",217.0522
NA,NA,NA,217.0522,NA,0.00635,19.59257,5.37757,"17","minus","hard","beta","trim_skip",217.0522
NA,NA,NA,217.0522,NA,0.00635,19.59257,5.37757,"17","minus","medium","beta","trim_skip",217.0522
NA,NA,NA,217.0522,NA,0.00635,19.59257,5.37757,"17","plus","easy","beta","trim_skip",217.0522
NA,NA,NA,217.0522,NA,0.00635,19.59257,5.37757,"17","plus","hard","beta","trim_skip",217.0522
NA,NA,NA,217.0522,NA,0.00635,19.59257,5.37757,"17","plus","medium","beta","trim_skip",217.0522
NA,NA,NA,230.916,NA,0.00541,10.85554,0.79349,"2","minus","easy","beta","trim_skip",230.916
NA,NA,NA,230.916,NA,0.00541,10.85554,0.79349,"2","minus","hard","beta","trim_skip",230.916
NA,NA,NA,230.916,NA,0.00541,10.85554,0.79349,"2","minus","medium","beta","trim_skip",230.916
NA,NA,NA,230.916,NA,0.00541,10.85554,0.79349,"2","plus","easy","beta","trim_skip",230.916
NA,NA,NA,230.916,NA,0.00541,10.85554,0.79349,"2","plus","hard","beta","trim_skip",230.916
NA,NA,NA,230.916,NA,0.00541,10.85554,0.79349,"2","plus","medium","beta","trim_skip",230.916
NA,NA,NA,246.6588,NA,0.00934,41.56674,62.35684,"20","minus","easy","beta","trim_skip",246.6588
NA,NA,NA,246.6588,NA,0.00934,41.56674,62.35684,"20","minus","hard","beta","trim_skip",246.6588
NA,NA,NA,246.6588,NA,0.00934,41.56674,62.35684,"20","minus","medium","beta","trim_skip",246.6588
NA,NA,NA,246.6588,NA,0.00934,41.56674,62.35684,"20","plus","easy","beta","trim_skip",246.6588
NA,NA,NA,246.6588,NA,0.00934,41.56674,62.35684,"20","plus","hard","beta","trim_skip",246.6588
NA,NA,NA,246.6588,NA,0.00934,41.56674,62.35684,"20","plus","medium","beta","trim_skip",246.6588
NA,NA,NA,314.0242,NA,0.00608,1.97437,-30.29325,"21","minus","easy","beta","trim_skip",314.0242
NA,NA,NA,314.0242,NA,0.00608,1.97437,-30.29325,"21","minus","hard","beta","trim_skip",314.0242
NA,NA,NA,314.0242,NA,0.00608,1.97437,-30.29325,"21","minus","medium","beta","trim_skip",314.0242
NA,NA,NA,314.0242,NA,0.00608,1.97437,-30.29325,"21","plus","easy","beta","trim_skip",314.0242
NA,NA,NA,314.0242,NA,0.00608,1.97437,-30.29325,"21","plus","hard","beta","trim_skip",314.0242
NA,NA,NA,314.0242,NA,0.00608,1.97437,-30.29325,"21","plus","medium","beta","trim_skip",314.0242
NA,NA,NA,260.6279,NA,0.00737,23.74889,-23.87722,"22","minus","easy","beta","trim_skip",260.6279
NA,NA,NA,260.6279,NA,0.00737,23.74889,-23.87722,"22","minus","hard","beta","trim_skip",260.6279
NA,NA,NA,260.6279,NA,0.00737,23.74889,-23.87722,"22","minus","medium","beta","trim_skip",260.6279
NA,NA,NA,260.6279,NA,0.00737,23.74889,-23.87722,"22","plus","easy","beta","trim_skip",260.6279
NA,NA,NA,260.6279,NA,0.00737,23.74889,-23.87722,"22","plus","hard","beta","trim_skip",260.6279
NA,NA,NA,260.6279,NA,0.00737,23.74889,-23.87722,"22","plus","medium","beta","trim_skip",260.6279
NA,NA,NA,299.37,NA,0.00468,14.73778,-60.4436,"23","minus","easy","beta","trim_skip",299.37
NA,NA,NA,299.37,NA,0.00468,14.73778,-60.4436,"23","minus","hard","beta","trim_skip",299.37
NA,NA,NA,299.37,NA,0.00468,14.73778,-60.4436,"23","minus","medium","beta","trim_skip",299.37
NA,NA,NA,299.37,NA,0.00468,14.73778,-60.4436,"23","plus","easy","beta","trim_skip",299.37
NA,NA,NA,299.37,NA,0.00468,14.73778,-60.4436,"23","plus","hard","beta","trim_skip",299.37
NA,NA,NA,299.37,NA,0.00468,14.73778,-60.4436,"23","plus","medium","beta","trim_skip",299.37
NA,NA,NA,237.104,NA,0.00383,20.34646,-28.59673,"25","minus","easy","beta","trim_skip",237.104
NA,NA,NA,237.104,NA,0.00383,20.34646,-28.59673,"25","minus","hard","beta","trim_skip",237.104
NA,NA,NA,237.104,NA,0.00383,20.34646,-28.59673,"25","minus","medium","beta","trim_skip",237.104
NA,NA,NA,237.104,NA,0.00383,20.34646,-28.59673,"25","plus","easy","beta","trim_skip",237.104
NA,NA,NA,237.104,NA,0.00383,20.34646,-28.59673,"25","plus","hard","beta","trim_skip",237.104
NA,NA,NA,237.104,NA,0.00383,20.34646,-28.59673,"25","plus","medium","beta","trim_skip",237.104
NA,NA,NA,239.133,NA,0.00484,1.92428,-36.60083,"26","minus","easy","beta","trim_skip",239.133
NA,NA,NA,239.133,NA,0.00484,1.92428,-36.60083,"26","minus","hard","beta","trim_skip",239.133
NA,NA,NA,239.133,NA,0.00484,1.92428,-36.60083,"26","minus","medium","beta","trim_skip",239.133
NA,NA,NA,239.133,NA,0.00484,1.92428,-36.60083,"26","plus","easy","beta","trim_skip",239.133
NA,NA,NA,239.133,NA,0.00484,1.92428,-36.60083,"26","plus","hard","beta","trim_skip",239.133
NA,NA,NA,239.133,NA,0.00484,1.92428,-36.60083,"26","plus","medium","beta","trim_skip",239.133
NA,NA,NA,279.9903,NA,0.00445,10.70992,-30.986,"27","minus","easy","beta","trim_skip",279.9903
NA,NA,NA,279.9903,NA,0.00445,10.70992,-30.986,"27","minus","hard","beta","trim_skip",279.9903
NA,NA,NA,279.9903,NA,0.00445,10.70992,-30.986,"27","minus","medium","beta","trim_skip",279.9903
NA,NA,NA,279.9903,NA,0.00445,10.70992,-30.986,"27","plus","easy","beta","trim_skip",279.9903
NA,NA,NA,279.9903,NA,0.00445,10.70992,-30.986,"27","plus","hard","beta","trim_skip",279.9903
NA,NA,NA,279.9903,NA,0.00445,10.70992,-30.986,"27","plus","medium","beta","trim_skip",279.9903
NA,NA,NA,352.9629,NA,0.00415,26.06774,25.38022,"28","minus","easy","beta","trim_skip",352.9629
NA,NA,NA,352.9629,NA,0.00415,26.06774,25.38022,"28","minus","hard","beta","trim_skip",352.9629
NA,NA,NA,352.9629,NA,0.00415,26.06774,25.38022,"28","minus","medium","beta","trim_skip",352.9629
NA,NA,NA,352.9629,NA,0.00415,26.06774,25.38022,"28","plus","easy","beta","trim_skip",352.9629
NA,NA,NA,352.9629,NA,0.00415,26.06774,25.38022,"28","plus","hard","beta","trim_skip",352.9629
NA,NA,NA,352.9629,NA,0.00415,26.06774,25.38022,"28","plus","medium","beta","trim_skip",352.9629
NA,NA,NA,219.3119,NA,0.00393,48.28306,-15.89128,"30","minus","easy","beta","trim_skip",219.3119
NA,NA,NA,219.3119,NA,0.00393,48.28306,-15.89128,"30","minus","hard","beta","trim_skip",219.3119
NA,NA,NA,219.3119,NA,0.00393,48.28306,-15.89128,"30","minus","medium","beta","trim_skip",219.3119
NA,NA,NA,219.3119,NA,0.00393,48.28306,-15.89128,"30","plus","easy","beta","trim_skip",219.3119
NA,NA,NA,219.3119,NA,0.00393,48.28306,-15.89128,"30","plus","hard","beta","trim_skip",219.3119
NA,NA,NA,219.3119,NA,0.00393,48.28306,-15.89128,"30","plus","medium","beta","trim_skip",219.3119
NA,NA,NA,359.5703,NA,0.00475,10.95741,43.93155,"32","minus","easy","beta","trim_skip",359.5703
NA,NA,NA,359.5703,NA,0.00475,10.95741,43.93155,"32","minus","hard","beta","trim_skip",359.5703
NA,NA,NA,359.5703,NA,0.00475,10.95741,43.93155,"32","minus","medium","beta","trim_skip",359.5703
NA,NA,NA,359.5703,NA,0.00475,10.95741,43.93155,"32","plus","easy","beta","trim_skip",359.5703
NA,NA,NA,359.5703,NA,0.00475,10.95741,43.93155,"32","plus","hard","beta","trim_skip",359.5703
NA,NA,NA,359.5703,NA,0.00475,10.95741,43.93155,"32","plus","medium","beta","trim_skip",359.5703
NA,NA,NA,326.6137,NA,0.00463,6.4647,-35.8524,"33","minus","easy","beta","trim_skip",326.6137
NA,NA,NA,326.6137,NA,0.00463,6.4647,-35.8524,"33","minus","hard","beta","trim_skip",326.6137
NA,NA,NA,326.6137,NA,0.00463,6.4647,-35.8524,"33","minus","medium","beta","trim_skip",326.6137
NA,NA,NA,326.6137,NA,0.00463,6.4647,-35.8524,"33","plus","easy","beta","trim_skip",326.6137
NA,NA,NA,326.6137,NA,0.00463,6.4647,-35.8524,"33","plus","hard","beta","trim_skip",326.6137
NA,NA,NA,326.6137,NA,0.00463,6.4647,-35.8524,"33","plus","medium","beta","trim_skip",326.6137
NA,NA,NA,319.9156,NA,0.00603,23.74091,50.05598,"34","minus","easy","beta","trim_skip",319.9156
NA,NA,NA,319.9156,NA,0.00603,23.74091,50.05598,"34","minus","hard","beta","trim_skip",319.9156
NA,NA,NA,319.9156,NA,0.00603,23.74091,50.05598,"34","minus","medium","beta","trim_skip",319.9156
NA,NA,NA,319.9156,NA,0.00603,23.74091,50.05598,"34","plus","easy","beta","trim_skip",319.9156
NA,NA,NA,319.9156,NA,0.00603,23.74091,50.05598,"34","plus","hard","beta","trim_skip",319.9156
NA,NA,NA,319.9156,NA,0.00603,23.74091,50.05598,"34","plus","medium","beta","trim_skip",319.9156
NA,NA,NA,246.3066,NA,0.0036,20.73069,-53.93419,"35","minus","easy","beta","trim_skip",246.3066
NA,NA,NA,246.3066,NA,0.0036,20.73069,-53.93419,"35","minus","hard","beta","trim_skip",246.3066
NA,NA,NA,246.3066,NA,0.0036,20.73069,-53.93419,"35","minus","medium","beta","trim_skip",246.3066
NA,NA,NA,246.3066,NA,0.0036,20.73069,-53.93419,"35","plus","easy","beta","trim_skip",246.3066
NA,NA,NA,246.3066,NA,0.0036,20.73069,-53.93419,"35","plus","hard","beta","trim_skip",246.3066
NA,NA,NA,246.3066,NA,0.0036,20.73069,-53.93419,"35","plus","medium","beta","trim_skip",246.3066
NA,NA,NA,253.7827,NA,0.00369,21.95003,-23.44543,"36","minus","easy","beta","trim_skip",253.7827
NA,NA,NA,253.7827,NA,0.00369,21.95003,-23.44543,"36","minus","hard","beta","trim_skip",253.7827
NA,NA,NA,253.7827,NA,0.00369,21.95003,-23.44543,"36","minus","medium","beta","trim_skip",253.7827
NA,NA,NA,253.7827,NA,0.00369,21.95003,-23.44543,"36","plus","easy","beta","trim_skip",253.7827
NA,NA,NA,253.7827,NA,0.00369,21.95003,-23.44543,"36","plus","hard","beta","trim_skip",253.7827
NA,NA,NA,253.7827,NA,0.00369,21.95003,-23.44543,"36","plus","medium","beta","trim_skip",253.7827
NA,NA,NA,236.8279,NA,0.00369,33.84108,11.13449,"37","minus","easy","beta","trim_skip",236.8279
NA,NA,NA,236.8279,NA,0.00369,33.84108,11.13449,"37","minus","hard","beta","trim_skip",236.8279
NA,NA,NA,236.8279,NA,0.00369,33.84108,11.13449,"37","minus","medium","beta","trim_skip",236.8279
NA,NA,NA,236.8279,NA,0.00369,33.84108,11.13449,"37","plus","easy","beta","trim_skip",236.8279
NA,NA,NA,236.8279,NA,0.00369,33.84108,11.13449,"37","plus","hard","beta","trim_skip",236.8279
NA,NA,NA,236.8279,NA,0.00369,33.84108,11.13449,"37","plus","medium","beta","trim_skip",236.8279
NA,NA,NA,284.0594,NA,0.00385,2.7799,-80.27087,"38","minus","easy","beta","trim_skip",284.0594
NA,NA,NA,284.0594,NA,0.00385,2.7799,-80.27087,"38","minus","hard","beta","trim_skip",284.0594
NA,NA,NA,284.0594,NA,0.00385,2.7799,-80.27087,"38","minus","medium","beta","trim_skip",284.0594
NA,NA,NA,284.0594,NA,0.00385,2.7799,-80.27087,"38","plus","easy","beta","trim_skip",284.0594
NA,NA,NA,284.0594,NA,0.00385,2.7799,-80.27087,"38","plus","hard","beta","trim_skip",284.0594
NA,NA,NA,284.0594,NA,0.00385,2.7799,-80.27087,"38","plus","medium","beta","trim_skip",284.0594
NA,NA,NA,238.53,NA,0.00538,41.71526,-6.9006,"39","minus","easy","beta","trim_skip",238.53
NA,NA,NA,238.53,NA,0.00538,41.71526,-6.9006,"39","minus","hard","beta","trim_skip",238.53
NA,NA,NA,238.53,NA,0.00538,41.71526,-6.9006,"39","minus","medium","beta","trim_skip",238.53
NA,NA,NA,238.53,NA,0.00538,41.71526,-6.9006,"39","plus","easy","beta","trim_skip",238.53
NA,NA,NA,238.53,NA,0.00538,41.71526,-6.9006,"39","plus","hard","beta","trim_skip",238.53
NA,NA,NA,238.53,NA,0.00538,41.71526,-6.9006,"39","plus","medium","beta","trim_skip",238.53
NA,NA,NA,275.2908,NA,0.00744,32.04828,-31.48705,"4","minus","easy","beta","trim_skip",275.2908
NA,NA,NA,275.2908,NA,0.00744,32.04828,-31.48705,"4","minus","hard","beta","trim_skip",275.2908
NA,NA,NA,275.2908,NA,0.00744,32.04828,-31.48705,"4","minus","medium","beta","trim_skip",275.2908
NA,NA,NA,275.2908,NA,0.00744,32.04828,-31.48705,"4","plus","easy","beta","trim_skip",275.2908
NA,NA,NA,275.2908,NA,0.00744,32.04828,-31.48705,"4","plus","hard","beta","trim_skip",275.2908
NA,NA,NA,275.2908,NA,0.00744,32.04828,-31.48705,"4","plus","medium","beta","trim_skip",275.2908
NA,NA,NA,298.0758,NA,0.00616,22.74677,48.39902,"40","minus","easy","beta","trim_skip",298.0758
NA,NA,NA,298.0758,NA,0.00616,22.74677,48.39902,"40","minus","hard","beta","trim_skip",298.0758
NA,NA,NA,298.0758,NA,0.00616,22.74677,48.39902,"40","minus","medium","beta","trim_skip",298.0758
NA,NA,NA,298.0758,NA,0.00616,22.74677,48.39902,"40","plus","easy","beta","trim_skip",298.0758
NA,NA,NA,298.0758,NA,0.00616,22.74677,48.39902,"40","plus","hard","beta","trim_skip",298.0758
NA,NA,NA,298.0758,NA,0.00616,22.74677,48.39902,"40","plus","medium","beta","trim_skip",298.0758
NA,NA,NA,279.1055,NA,0.00499,6.58608,1.47998,"41","minus","easy","beta","trim_skip",279.1055
NA,NA,NA,279.1055,NA,0.00499,6.58608,1.47998,"41","minus","hard","beta","trim_skip",279.1055
NA,NA,NA,279.1055,NA,0.00499,6.58608,1.47998,"41","minus","medium","beta","trim_skip",279.1055
NA,NA,NA,279.1055,NA,0.00499,6.58608,1.47998,"41","plus","easy","beta","trim_skip",279.1055
NA,NA,NA,279.1055,NA,0.00499,6.58608,1.47998,"41","plus","hard","beta","trim_skip",279.1055
NA,NA,NA,279.1055,NA,0.00499,6.58608,1.47998,"41","plus","medium","beta","trim_skip",279.1055
NA,NA,NA,284.7734,NA,0.0053,23.23755,-99.88152,"43","minus","easy","beta","trim_skip",284.7734
NA,NA,NA,284.7734,NA,0.0053,23.23755,-99.88152,"43","minus","hard","beta","trim_skip",284.7734
NA,NA,NA,284.7734,NA,0.0053,23.23755,-99.88152,"43","minus","medium","beta","trim_skip",284.7734
NA,NA,NA,284.7734,NA,0.0053,23.23755,-99.88152,"43","plus","easy","beta","trim_skip",284.7734
NA,NA,NA,284.7734,NA,0.0053,23.23755,-99.88152,"43","plus","hard","beta","trim_skip",284.7734
NA,NA,NA,284.7734,NA,0.0053,23.23755,-99.88152,"43","plus","medium","beta","trim_skip",284.7734
NA,NA,NA,262.9269,NA,0.00453,36.00214,15.04651,"44","minus","easy","beta","trim_skip",262.9269
NA,NA,NA,262.9269,NA,0.00453,36.00214,15.04651,"44","minus","hard","beta","trim_skip",262.9269
NA,NA,NA,262.9269,NA,0.00453,36.00214,15.04651,"44","minus","medium","beta","trim_skip",262.9269
NA,NA,NA,262.9269,NA,0.00453,36.00214,15.04651,"44","plus","easy","beta","trim_skip",262.9269
NA,NA,NA,262.9269,NA,0.00453,36.00214,15.04651,"44","plus","hard","beta","trim_skip",262.9269
NA,NA,NA,262.9269,NA,0.00453,36.00214,15.04651,"44","plus","medium","beta","trim_skip",262.9269
NA,NA,NA,258.3958,NA,0.00773,29.30116,85.58261,"45","minus","easy","beta","trim_skip",258.3958
NA,NA,NA,258.3958,NA,0.00773,29.30116,85.58261,"45","minus","hard","beta","trim_skip",258.3958
NA,NA,NA,258.3958,NA,0.00773,29.30116,85.58261,"45","minus","medium","beta","trim_skip",258.3958
NA,NA,NA,258.3958,NA,0.00773,29.30116,85.58261,"45","plus","easy","beta","trim_skip",258.3958
NA,NA,NA,258.3958,NA,0.00773,29.30116,85.58261,"45","plus","hard","beta","trim_skip",258.3958
NA,NA,NA,258.3958,NA,0.00773,29.30116,85.58261,"45","plus","medium","beta","trim_skip",258.3958
NA,NA,NA,322.5318,NA,0.00352,31.55481,-2.60603,"47","minus","easy","beta","trim_skip",322.5318
NA,NA,NA,322.5318,NA,0.00352,31.55481,-2.60603,"47","minus","hard","beta","trim_skip",322.5318
NA,NA,NA,322.5318,NA,0.00352,31.55481,-2.60603,"47","minus","medium","beta","trim_skip",322.5318
NA,NA,NA,322.5318,NA,0.00352,31.55481,-2.60603,"47","plus","easy","beta","trim_skip",322.5318
NA,NA,NA,322.5318,NA,0.00352,31.55481,-2.60603,"47","plus","hard","beta","trim_skip",322.5318
NA,NA,NA,322.5318,NA,0.00352,31.55481,-2.60603,"47","plus","medium","beta","trim_skip",322.5318
NA,NA,NA,321.6687,NA,0.0034,13.17787,-19.49691,"48","minus","easy","beta","trim_skip",321.6687
NA,NA,NA,321.6687,NA,0.0034,13.17787,-19.49691,"48","minus","hard","beta","trim_skip",321.6687
NA,NA,NA,321.6687,NA,0.0034,13.17787,-19.49691,"48","minus","medium","beta","trim_skip",321.6687
NA,NA,NA,321.6687,NA,0.0034,13.17787,-19.49691,"48","plus","easy","beta","trim_skip",321.6687
NA,NA,NA,321.6687,NA,0.0034,13.17787,-19.49691,"48","plus","hard","beta","trim_skip",321.6687
NA,NA,NA,321.6687,NA,0.0034,13.17787,-19.49691,"48","plus","medium","beta","trim_skip",321.6687
NA,NA,NA,290.6907,NA,0.00613,27.38447,13.45531,"49","minus","easy","beta","trim_skip",290.6907
NA,NA,NA,290.6907,NA,0.00613,27.38447,13.45531,"49","minus","hard","beta","trim_skip",290.6907
NA,NA,NA,290.6907,NA,0.00613,27.38447,13.45531,"49","minus","medium","beta","trim_skip",290.6907
NA,NA,NA,290.6907,NA,0.00613,27.38447,13.45531,"49","plus","easy","beta","trim_skip",290.6907
NA,NA,NA,290.6907,NA,0.00613,27.38447,13.45531,"49","plus","hard","beta","trim_skip",290.6907
NA,NA,NA,290.6907,NA,0.00613,27.38447,13.45531,"49","plus","medium","beta","trim_skip",290.6907
NA,NA,NA,209.8764,NA,0.00692,28.55047,-44.37149,"5","minus","easy","beta","trim_skip",209.8764
NA,NA,NA,209.8764,NA,0.00692,28.55047,-44.37149,"5","minus","hard","beta","trim_skip",209.8764
NA,NA,NA,209.8764,NA,0.00692,28.55047,-44.37149,"5","minus","medium","beta","trim_skip",209.8764
NA,NA,NA,209.8764,NA,0.00692,28.55047,-44.37149,"5","plus","easy","beta","trim_skip",209.8764
NA,NA,NA,209.8764,NA,0.00692,28.55047,-44.37149,"5","plus","hard","beta","trim_skip",209.8764
NA,NA,NA,209.8764,NA,0.00692,28.55047,-44.37149,"5","plus","medium","beta","trim_skip",209.8764
NA,NA,NA,344.1773,NA,0.00402,12.84904,26.6708,"50","minus","easy","beta","trim_skip",344.1773
NA,NA,NA,344.1773,NA,0.00402,12.84904,26.6708,"50","minus","hard","beta","trim_skip",344.1773
NA,NA,NA,344.1773,NA,0.00402,12.84904,26.6708,"50","minus","medium","beta","trim_skip",344.1773
NA,NA,NA,344.1773,NA,0.00402,12.84904,26.6708,"50","plus","easy","beta","trim_skip",344.1773
NA,NA,NA,344.1773,NA,0.00402,12.84904,26.6708,"50","plus","hard","beta","trim_skip",344.1773
NA,NA,NA,344.1773,NA,0.00402,12.84904,26.6708,"50","plus","medium","beta","trim_skip",344.1773
NA,NA,NA,NA,NA,NA,NA,NA,"52","minus","easy","beta","trim_skip",NA
NA,NA,NA,NA,NA,NA,NA,NA,"52","minus","hard","beta","trim_skip",NA
NA,NA,NA,NA,NA,NA,NA,NA,"52","minus","medium","beta","trim_skip",NA
NA,NA,NA,NA,NA,NA,NA,NA,"52","plus","easy","beta","trim_skip",NA
NA,NA,NA,NA,NA,NA,NA,NA,"52","plus","hard","beta","trim_skip",NA
NA,NA,NA,NA,NA,NA,NA,NA,"52","plus","medium","beta","trim_skip",NA
NA,NA,NA,304.7993,NA,0.00641,30.68675,27.32199,"53","minus","easy","beta","trim_skip",304.7993
NA,NA,NA,304.7993,NA,0.00641,30.68675,27.32199,"53","minus","hard","beta","trim_skip",304.7993
NA,NA,NA,304.7993,NA,0.00641,30.68675,27.32199,"53","minus","medium","beta","trim_skip",304.7993
NA,NA,NA,304.7993,NA,0.00641,30.68675,27.32199,"53","plus","easy","beta","trim_skip",304.7993
NA,NA,NA,304.7993,NA,0.00641,30.68675,27.32199,"53","plus","hard","beta","trim_skip",304.7993
NA,NA,NA,304.7993,NA,0.00641,30.68675,27.32199,"53","plus","medium","beta","trim_skip",304.7993
NA,NA,NA,283.212,NA,0.00424,26.13672,41.02257,"54","minus","easy","beta","trim_skip",283.212
NA,NA,NA,283.212,NA,0.00424,26.13672,41.02257,"54","minus","hard","beta","trim_skip",283.212
NA,NA,NA,283.212,NA,0.00424,26.13672,41.02257,"54","minus","medium","beta","trim_skip",283.212
NA,NA,NA,283.212,NA,0.00424,26.13672,41.02257,"54","plus","easy","beta","trim_skip",283.212
NA,NA,NA,283.212,NA,0.00424,26.13672,41.02257,"54","plus","hard","beta","trim_skip",283.212
NA,NA,NA,283.212,NA,0.00424,26.13672,41.02257,"54","plus","medium","beta","trim_skip",283.212
NA,NA,NA,225.1502,NA,0.00919,43.30841,-23.72946,"55","minus","easy","beta","trim_skip",225.1502
NA,NA,NA,225.1502,NA,0.00919,43.30841,-23.72946,"55","minus","hard","beta","trim_skip",225.1502
NA,NA,NA,225.1502,NA,0.00919,43.30841,-23.72946,"55","minus","medium","beta","trim_skip",225.1502
NA,NA,NA,225.1502,NA,0.00919,43.30841,-23.72946,"55","plus","easy","beta","trim_skip",225.1502
NA,NA,NA,225.1502,NA,0.00919,43.30841,-23.72946,"55","plus","hard","beta","trim_skip",225.1502
NA,NA,NA,225.1502,NA,0.00919,43.30841,-23.72946,"55","plus","medium","beta","trim_skip",225.1502
NA,NA,NA,334.9957,NA,0.00693,19.56963,5.34932,"56","minus","easy","beta","trim_skip",334.9957
NA,NA,NA,334.9957,NA,0.00693,19.56963,5.34932,"56","minus","hard","beta","trim_skip",334.9957
NA,NA,NA,334.9957,NA,0.00693,19.56963,5.34932,"56","minus","medium","beta","trim_skip",334.9957
NA,NA,NA,334.9957,NA,0.00693,19.56963,5.34932,"56","plus","easy","beta","trim_skip",334.9957
NA,NA,NA,334.9957,NA,0.00693,19.56963,5.34932,"56","plus","hard","beta","trim_skip",334.9957
NA,NA,NA,334.9957,NA,0.00693,19.56963,5.34932,"56","plus","medium","beta","trim_skip",334.9957
NA,NA,NA,228.9787,NA,0.00583,42.0244,33.30294,"57","minus","easy","beta","trim_skip",228.9787
NA,NA,NA,228.9787,NA,0.00583,42.0244,33.30294,"57","minus","hard","beta","trim_skip",228.9787
NA,NA,NA,228.9787,NA,0.00583,42.0244,33.30294,"57","minus","medium","beta","trim_skip",228.9787
NA,NA,NA,228.9787,NA,0.00583,42.0244,33.30294,"57","plus","easy","beta","trim_skip",228.9787
NA,NA,NA,228.9787,NA,0.00583,42.0244,33.30294,"57","plus","hard","beta","trim_skip",228.9787
NA,NA,NA,228.9787,NA,0.00583,42.0244,33.30294,"57","plus","medium","beta","trim_skip",228.9787
NA,NA,NA,220.1003,NA,0.00778,18.99872,-12.82232,"58","minus","easy","beta","trim_skip",220.1003
NA,NA,NA,220.1003,NA,0.00778,18.99872,-12.82232,"58","minus","hard","beta","trim_skip",220.1003
NA,NA,NA,220.1003,NA,0.00778,18.99872,-12.82232,"58","minus","medium","beta","trim_skip",220.1003
NA,NA,NA,220.1003,NA,0.00778,18.99872,-12.82232,"58","plus","easy","beta","trim_skip",220.1003
NA,NA,NA,220.1003,NA,0.00778,18.99872,-12.82232,"58","plus","hard","beta","trim_skip",220.1003
NA,NA,NA,220.1003,NA,0.00778,18.99872,-12.82232,"58","plus","medium","beta","trim_skip",220.1003
NA,NA,NA,317.6074,NA,0.00328,15.02178,-60.03267,"59","minus","easy","beta","trim_skip",317.6074
NA,NA,NA,317.6074,NA,0.00328,15.02178,-60.03267,"59","minus","hard","beta","trim_skip",317.6074
NA,NA,NA,317.6074,NA,0.00328,15.02178,-60.03267,"59","minus","medium","beta","trim_skip",317.6074
NA,NA,NA,317.6074,NA,0.00328,15.02178,-60.03267,"59","plus","easy","beta","trim_skip",317.6074
NA,NA,NA,317.6074,NA,0.00328,15.02178,-60.03267,"59","plus","hard","beta","trim_skip",317.6074
NA,NA,NA,317.6074,NA,0.00328,15.02178,-60.03267,"59","plus","medium","beta","trim_skip",317.6074
NA,NA,NA,293.0776,NA,0.00368,12.4838,45.70033,"60","minus","easy","beta","trim_skip",293.0776
NA,NA,NA,293.0776,NA,0.00368,12.4838,45.70033,"60","minus","hard","beta","trim_skip",293.0776
NA,NA,NA,293.0776,NA,0.00368,12.4838,45.70033,"60","minus","medium","beta","trim_skip",293.0776
NA,NA,NA,293.0776,NA,0.00368,12.4838,45.70033,"60","plus","easy","beta","trim_skip",293.0776
NA,NA,NA,293.0776,NA,0.00368,12.4838,45.70033,"60","plus","hard","beta","trim_skip",293.0776
NA,NA,NA,293.0776,NA,0.00368,12.4838,45.70033,"60","plus","medium","beta","trim_skip",293.0776
NA,NA,NA,244.7282,NA,0.0059,22.47095,-92.03296,"61","minus","easy","beta","trim_skip",244.7282
NA,NA,NA,244.7282,NA,0.0059,22.47095,-92.03296,"61","minus","hard","beta","trim_skip",244.7282
NA,NA,NA,244.7282,NA,0.0059,22.47095,-92.03296,"61","minus","medium","beta","trim_skip",244.7282
NA,NA,NA,244.7282,NA,0.0059,22.47095,-92.03296,"61","plus","easy","beta","trim_skip",244.7282
NA,NA,NA,244.7282,NA,0.0059,22.47095,-92.03296,"61","plus","hard","beta","trim_skip",244.7282
NA,NA,NA,244.7282,NA,0.0059,22.47095,-92.03296,"61","plus","medium","beta","trim_skip",244.7282
NA,NA,NA,273.4368,NA,0.00629,6.57904,-93.37341,"63","minus","easy","beta","trim_skip",273.4368
NA,NA,NA,273.4368,NA,0.00629,6.57904,-93.37341,"63","minus","hard","beta","trim_skip",273.4368
NA,NA,NA,273.4368,NA,0.00629,6.57904,-93.37341,"63","minus","medium","beta","trim_skip",273.4368
NA,NA,NA,273.4368,NA,0.00629,6.57904,-93.37341,"63","plus","easy","beta","trim_skip",273.4368
NA,NA,NA,273.4368,NA,0.00629,6.57904,-93.37341,"63","plus","hard","beta","trim_skip",273.4368
NA,NA,NA,273.4368,NA,0.00629,6.57904,-93.37341,"63","plus","medium","beta","trim_skip",273.4368
NA,NA,NA,266.6925,NA,0.00652,38.18143,6.16139,"66","minus","easy","beta","trim_skip",266.6925
NA,NA,NA,266.6925,NA,0.00652,38.18143,6.16139,"66","minus","hard","beta","trim_skip",266.6925
NA,NA,NA,266.6925,NA,0.00652,38.18143,6.16139,"66","minus","medium","beta","trim_skip",266.6925
NA,NA,NA,266.6925,NA,0.00652,38.18143,6.16139,"66","plus","easy","beta","trim_skip",266.6925
NA,NA,NA,266.6925,NA,0.00652,38.18143,6.16139,"66","plus","hard","beta","trim_skip",266.6925
NA,NA,NA,266.6925,NA,0.00652,38.18143,6.16139,"66","plus","medium","beta","trim_skip",266.6925
NA,NA,NA,NA,NA,NA,NA,NA,"69","minus","easy","beta","trim_skip",NA
NA,NA,NA,NA,NA,NA,NA,NA,"69","minus","hard","beta","trim_skip",NA
NA,NA,NA,NA,NA,NA,NA,NA,"69","minus","medium","beta","trim_skip",NA
NA,NA,NA,NA,NA,NA,NA,NA,"69","plus","easy","beta","trim_skip",NA
NA,NA,NA,NA,NA,NA,NA,NA,"69","plus","hard","beta","trim_skip",NA
NA,NA,NA,NA,NA,NA,NA,NA,"69","plus","medium","beta","trim_skip",NA
NA,NA,NA,NA,NA,NA,NA,NA,"7","minus","easy","beta","trim_skip",NA
NA,NA,NA,NA,NA,NA,NA,NA,"7","minus","hard","beta","trim_skip",NA
NA,NA,NA,NA,NA,NA,NA,NA,"7","minus","medium","beta","trim_skip",NA
NA,NA,NA,NA,NA,NA,NA,NA,"7","plus","easy","beta","trim_skip",NA
NA,NA,NA,NA,NA,NA,NA,NA,"7","plus","hard","beta","trim_skip",NA
NA,NA,NA,NA,NA,NA,NA,NA,"7","plus","medium","beta","trim_skip",NA
NA,NA,NA,NA,NA,NA,NA,NA,"70","minus","easy","beta","trim_skip",NA
NA,NA,NA,NA,NA,NA,NA,NA,"70","minus","hard","beta","trim_skip",NA
NA,NA,NA,NA,NA,NA,NA,NA,"70","minus","medium","beta","trim_skip",NA
NA,NA,NA,NA,NA,NA,NA,NA,"70","plus","easy","beta","trim_skip",NA
NA,NA,NA,NA,NA,NA,NA,NA,"70","plus","hard","beta","trim_skip",NA
NA,NA,NA,NA,NA,NA,NA,NA,"70","plus","medium","beta","trim_skip",NA
NA,NA,NA,NA,NA,NA,NA,NA,"72","minus","easy","beta","trim_skip",NA
NA,NA,NA,NA,NA,NA,NA,NA,"72","minus","hard","beta","trim_skip",NA
NA,NA,NA,NA,NA,NA,NA,NA,"72","minus","medium","beta","trim_skip",NA
NA,NA,NA,NA,NA,NA,NA,NA,"72","plus","easy","beta","trim_skip",NA
NA,NA,NA,NA,NA,NA,NA,NA,"72","plus","hard","beta","trim_skip",NA
NA,NA,NA,NA,NA,NA,NA,NA,"72","plus","medium","beta","trim_skip",NA
NA,NA,NA,290.4292,NA,0.00546,41.99944,43.80814,"74","minus","easy","beta","trim_skip",290.4292
NA,NA,NA,290.4292,NA,0.00546,41.99944,43.80814,"74","minus","hard","beta","trim_skip",290.4292
NA,NA,NA,290.4292,NA,0.00546,41.99944,43.80814,"74","minus","medium","beta","trim_skip",290.4292
NA,NA,NA,290.4292,NA,0.00546,41.99944,43.80814,"74","plus","easy","beta","trim_skip",290.4292
NA,NA,NA,290.4292,NA,0.00546,41.99944,43.80814,"74","plus","hard","beta","trim_skip",290.4292
NA,NA,NA,290.4292,NA,0.00546,41.99944,43.80814,"74","plus","medium","beta","trim_skip",290.4292
NA,NA,NA,NA,NA,NA,NA,NA,"8","minus","easy","beta","trim_skip",NA
NA,NA,NA,NA,NA,NA,NA,NA,"8","minus","hard","beta","trim_skip",NA
NA,NA,NA,NA,NA,NA,NA,NA,"8","minus","medium","beta","trim_skip",NA
NA,NA,NA,NA,NA,NA,NA,NA,"8","plus","easy","beta","trim_skip",NA
NA,NA,NA,NA,NA,NA,NA,NA,"8","plus","hard","beta","trim_skip",NA
NA,NA,NA,NA,NA,NA,NA,NA,"8","plus","medium","beta","trim_skip",NA
